{
  "rmse": 0.5875963884905456,
  "mae": 0.4264426118579534,
  "r2": 0.9017057923458434,
  "cv_folds": 6,
  "cv_type": "walk-forward",
  "optuna_trials": 60
}