{
  "rmse": 0.5871412525094262,
  "mae": 0.42766844005695726,
  "r2": 0.9018808228106215,
  "cv_folds": 6,
  "cv_type": "walk-forward",
  "optuna_trials": 60,
  "test_2022": {
    "r2": 0.9021696536486571,
    "rmse": 0.6184686139101891,
    "mae": 0.4184108114950787,
    "n": 6505
  }
}