{
  "rmse": 0.7319012565971944,
  "mae": 0.4674964958743481,
  "r2": 0.937962925724834,
  "cv_folds": 3,
  "cv_type": "walk-forward",
  "optuna_trials": 60
}