{
  "rmse": 0.73910478994443,
  "mae": 0.47821678573163195,
  "r2": 0.9366054235781025,
  "cv_folds": 3,
  "cv_type": "walk-forward",
  "optuna_trials": 60,
  "test_2022": {
    "r2": 0.9136101733957103,
    "rmse": 0.8423482330795856,
    "mae": 0.4775585482925936,
    "n": 1292
  }
}