{
  "macro_f1": 0.47490143769170134,
  "auc_ovr": 0.7241785555185677,
  "cv_folds": 3,
  "cv_type": "walk-forward",
  "test_2022": {
    "macro_f1": 0.4256601494423942,
    "auc_ovr": 0.6881887539871768
  }
}